show_id,type,title,director,cast,country,date_added,release_year,rating,duration,listed_in,description
s0001,Movie,The Hidden Dream 1,Ananya Sharma 6,"Liam Sharma 11, Carlos Sharma 21, Aarav Verma 31",United States,2019-02-02,2006,TV-14,81 min,"Comedies, Documentaries",A data-rich fictional streaming story about the hidden dream 1.
s0002,Movie,The Silent Forest 2,Liam Sharma 11,"Mia Sharma 18, Aditya Verma 32, Olivia Verma 44",United Kingdom,2020-03-03,2007,PG-13,82 min,"International Movies, Kids' TV",A data-rich fictional streaming story about the silent forest 2.
s0003,TV Show,The Golden Stories 3,Sophia Sharma 16,"Marco Sharma 25, Noah Verma 43, Daniel Verma 57",Canada,2021-04-04,2008,PG,4 Seasons,"Action & Adventure, TV Dramas",A data-rich fictional streaming story about the golden stories 3.
s0004,Movie,The Lost Empire 4,Carlos Sharma 21,"Aditya Verma 32, Elena Verma 54, Kavya Patel 70",Spain,2022-05-05,2009,R,84 min,"Thrillers, Romantic Movies",A data-rich fictional streaming story about the lost empire 4.
s0005,Movie,The Future Shadow 5,Isabella Sharma 26,"Arjun Verma 39, Rahul Patel 65, Mateo Patel 83",South Korea,2023-06-06,2010,TV-PG,85 min,"Documentaries, Crime TV Shows",A data-rich fictional streaming story about the future shadow 5.
s0006,TV Show,The Northern Kingdom 6,Aarav Verma 31,"Sophia Verma 46, Sophia Patel 76, Ananya Singh 96",Japan,2024-07-07,2011,TV-Y7,7 Seasons,"Kids' TV, Sci-Fi & Fantasy",A data-rich fictional streaming story about the northern kingdom 6.
s0007,Movie,The Electric Horizon 7,Ananya Verma 36,"Mateo Verma 53, Daniel Patel 87, James Singh 109",France,2025-08-08,2012,TV-G,87 min,"TV Dramas, Independent Movies",A data-rich fictional streaming story about the electric horizon 7.
s0008,Movie,The Secret City 8,Liam Verma 41,"Hana Verma 60, Neha Singh 98, Aditya Kapoor 122","Germany, United States",2026-09-09,2013,TV-MA,88 min,"Romantic Movies, Dramas",A data-rich fictional streaming story about the secret city 8.
s0009,TV Show,The Last Signal 9,Sophia Verma 46,"Vikram Patel 67, James Singh 109, Ethan Kapoor 135",Brazil,2018-10-10,2014,TV-14,2 Seasons,"Crime TV Shows, Comedies",A data-rich fictional streaming story about the last signal 9.
s0010,Movie,The Infinite Galaxy 10,Carlos Verma 51,"Olivia Patel 74, Hana Singh 120, Grace Kapoor 148",Australia,2019-11-11,2015,PG-13,90 min,"Sci-Fi & Fantasy, International Movies",A data-rich fictional streaming story about the infinite galaxy 10.
s0011,Movie,The Broken Road 11,Isabella Verma 56,"Carlos Patel 81, Liam Kapoor 131, Liam Mehta 161",Mexico,2020-12-12,2016,PG,91 min,"Independent Movies, Action & Adventure",A data-rich fictional streaming story about the broken road 11.
s0012,TV Show,The Crimson Ocean 12,Aarav Patel 61,"Grace Patel 88, Sofia Kapoor 142, Elena Mehta 174",India,2021-01-13,2017,R,5 Seasons,"Dramas, Thrillers",A data-rich fictional streaming story about the crimson ocean 12.
s0013,Movie,The Frozen Code 13,Ananya Patel 66,"Rahul Singh 95, Priya Mehta 153, Vikram Kumar 187",United States,2022-02-14,2018,TV-PG,93 min,"Comedies, Documentaries",A data-rich fictional streaming story about the frozen code 13.
s0014,Movie,The Digital Echo 14,Liam Patel 71,"Emma Singh 102, Olivia Mehta 164, Ava Kumar 200",United Kingdom,2023-03-15,2019,TV-Y7,94 min,"International Movies, Kids' TV",A data-rich fictional streaming story about the digital echo 14.
s0015,TV Show,The Midnight Journey 15,Sophia Patel 76,"James Singh 109, Marco Mehta 175, Priya Jain 213",Canada,2024-04-16,2020,TV-G,8 Seasons,"Action & Adventure, TV Dramas",A data-rich fictional streaming story about the midnight journey 15.
s0016,Movie,The Hidden Dream 16,Carlos Patel 81,"Isabella Singh 116, Ananya Kumar 186, Ananya Sharma 6","Spain, Brazil",2025-05-17,2021,TV-MA,96 min,"Thrillers, Romantic Movies",A data-rich fictional streaming story about the hidden dream 16.
s0017,Movie,The Silent Forest 17,Isabella Patel 86,"Priya Kapoor 123, Lucas Kumar 197, James Sharma 19",South Korea,2026-06-18,2022,TV-14,97 min,"Documentaries, Crime TV Shows",A data-rich fictional streaming story about the silent forest 17.
s0018,TV Show,The Golden Stories 18,Aarav Singh 91,"Kavya Kapoor 130, Grace Kumar 208, Aditya Verma 32",Japan,2023-07-19,2023,PG-13,3 Seasons,"Kids' TV, Sci-Fi & Fantasy",A data-rich fictional streaming story about the golden stories 18.
s0019,Movie,The Lost Empire 19,Ananya Singh 96,"Lucas Kapoor 137, Arjun Jain 219, Ethan Verma 45",France,2024-08-20,2024,PG,99 min,"TV Dramas, Independent Movies",A data-rich fictional streaming story about the lost empire 19.
s0020,Movie,The Future Shadow 20,Liam Singh 101,"Elena Kapoor 144, Kavya Sharma 10, Grace Verma 58",Germany,2025-09-21,2025,R,100 min,"Romantic Movies, Dramas",A data-rich fictional streaming story about the future shadow 20.
s0021,TV Show,The Northern Kingdom 21,Sophia Singh 106,"Aarav Mehta 151, Carlos Sharma 21, Liam Patel 71",Brazil,2021-10-22,2005,TV-PG,6 Seasons,"Crime TV Shows, Comedies",A data-rich fictional streaming story about the northern kingdom 21.
s0022,Movie,The Electric Horizon 22,Carlos Singh 111,"Neha Mehta 158, Aditya Verma 32, Elena Patel 84",Australia,2022-11-23,2006,TV-Y7,102 min,"Sci-Fi & Fantasy, International Movies",A data-rich fictional streaming story about the electric horizon 22.
s0023,Movie,The Secret City 23,Isabella Singh 116,"Ethan Mehta 165, Noah Verma 43, Vikram Singh 97",Mexico,2023-12-24,2007,TV-G,103 min,"Independent Movies, Action & Adventure",A data-rich fictional streaming story about the secret city 23.
s0024,TV Show,The Last Signal 24,Aarav Kapoor 121,"Sofia Mehta 172, Elena Verma 54, Ava Singh 110","India, South Korea",2024-01-25,2008,TV-MA,1 Seasons,"Dramas, Thrillers",A data-rich fictional streaming story about the last signal 24.
s0025,Movie,The Infinite Galaxy 25,Ananya Kapoor 126,"Yuki Mehta 179, Rahul Patel 65, Priya Kapoor 123",United States,2025-02-26,2009,TV-14,105 min,"Comedies, Documentaries",A data-rich fictional streaming story about the infinite galaxy 25.
s0026,Movie,The Broken Road 26,Liam Kapoor 131,"Ananya Kumar 186, Sophia Patel 76, Sophia Kapoor 136",United Kingdom,2026-03-27,2010,PG-13,106 min,"International Movies, Kids' TV",A data-rich fictional streaming story about the broken road 26.
s0027,TV Show,The Crimson Ocean 27,Sophia Kapoor 136,"Noah Kumar 193, Daniel Patel 87, Yuki Kapoor 149",Canada,2018-04-01,2011,PG,4 Seasons,"Action & Adventure, TV Dramas",A data-rich fictional streaming story about the crimson ocean 27.
s0028,Movie,The Frozen Code 28,Carlos Kapoor 141,"Ava Kumar 200, Neha Singh 98, Emma Mehta 162",Spain,2019-05-02,2012,R,108 min,"Thrillers, Romantic Movies",A data-rich fictional streaming story about the frozen code 28.
s0029,Movie,The Digital Echo 29,Isabella Kapoor 146,,South Korea,2020-06-03,2013,TV-PG,109 min,"Documentaries, Crime TV Shows",A data-rich fictional streaming story about the digital echo 29.
s0030,TV Show,The Midnight Journey 30,Aarav Mehta 151,"Riya Jain 214, Hana Singh 120, Neha Kumar 188",Japan,2021-07-04,2014,TV-Y7,7 Seasons,"Kids' TV, Sci-Fi & Fantasy",A data-rich fictional streaming story about the midnight journey 30.
s0031,Movie,The Hidden Dream 31,Ananya Mehta 156,"Aarav Sharma 1, Liam Kapoor 131, Carlos Kumar 201",France,2022-08-05,2015,TV-G,111 min,"TV Dramas, Independent Movies",A data-rich fictional streaming story about the hidden dream 31.
s0032,Movie,The Silent Forest 32,Liam Mehta 161,"Neha Sharma 8, Sofia Kapoor 142, Riya Jain 214","Germany, United States",2023-09-06,2016,TV-MA,112 min,"Romantic Movies, Dramas",A data-rich fictional streaming story about the silent forest 32.
s0033,TV Show,The Golden Stories 33,Sophia Mehta 166,"Ethan Sharma 15, Priya Mehta 153, Vikram Sharma 7",Brazil,2024-10-07,2017,TV-14,2 Seasons,"Crime TV Shows, Comedies",A data-rich fictional streaming story about the golden stories 33.
s0034,Movie,The Lost Empire 34,Carlos Mehta 171,"Sofia Sharma 22, Olivia Mehta 164, Ava Sharma 20",Australia,2025-11-08,2018,PG-13,114 min,"Sci-Fi & Fantasy, International Movies",A data-rich fictional streaming story about the lost empire 34.
s0035,Movie,The Future Shadow 35,Isabella Mehta 176,"Yuki Sharma 29, Marco Mehta 175, Priya Verma 33",Mexico,2026-12-09,2019,PG,115 min,"Independent Movies, Action & Adventure",A data-rich fictional streaming story about the future shadow 35.
s0036,TV Show,The Northern Kingdom 36,Aarav Kumar 181,"Ananya Verma 36, Ananya Kumar 186, Sophia Verma 46",India,2020-01-10,2020,R,5 Seasons,"Dramas, Thrillers",A data-rich fictional streaming story about the northern kingdom 36.
s0037,Movie,The Electric Horizon 37,,"Noah Verma 43, Lucas Kumar 197, Yuki Verma 59",United States,2021-02-11,2021,TV-PG,117 min,"Comedies, Documentaries",A data-rich fictional streaming story about the electric horizon 37.
s0038,Movie,The Secret City 38,Liam Kumar 191,"Ava Verma 50, Grace Kumar 208, Emma Patel 72",United Kingdom,2022-03-12,2022,TV-Y7,118 min,"International Movies, Kids' TV",A data-rich fictional streaming story about the secret city 38.
s0039,TV Show,The Last Signal 39,Sophia Kumar 196,"Daniel Verma 57, Arjun Jain 219, Marco Patel 85",Canada,2023-04-13,2023,TV-G,8 Seasons,"Action & Adventure, TV Dramas",A data-rich fictional streaming story about the last signal 39.
s0040,Movie,The Infinite Galaxy 40,Carlos Kumar 201,"Riya Patel 64, Kavya Sharma 10, Neha Singh 98","Spain, Brazil",2024-05-14,2024,TV-MA,120 min,"Thrillers, Romantic Movies",A data-rich fictional streaming story about the infinite galaxy 40.
s0041,Movie,The Broken Road 41,Isabella Kumar 206,"Liam Patel 71, Carlos Sharma 21, Carlos Singh 111",South Korea,2025-06-15,2025,,121 min,"Documentaries, Crime TV Shows",A data-rich fictional streaming story about the broken road 41.
s0042,TV Show,The Crimson Ocean 42,Aarav Jain 211,"Mia Patel 78, Aditya Verma 32, Riya Kapoor 124",Japan,2024-07-16,2005,PG-13,3 Seasons,"Kids' TV, Sci-Fi & Fantasy",A data-rich fictional streaming story about the crimson ocean 42.
s0043,Movie,The Frozen Code 43,Ananya Jain 216,"Marco Patel 85, Noah Verma 43, Lucas Kapoor 137",France,2025-08-17,2006,PG,123 min,"TV Dramas, Independent Movies",A data-rich fictional streaming story about the frozen code 43.
s0044,Movie,The Digital Echo 44,Aarav Sharma 1,"Aditya Singh 92, Elena Verma 54, Hana Kapoor 150",Germany,2026-09-18,2007,R,124 min,"Romantic Movies, Dramas",A data-rich fictional streaming story about the digital echo 44.
s0045,TV Show,The Midnight Journey 45,Ananya Sharma 6,"Arjun Singh 99, Rahul Patel 65, Noah Mehta 163",Brazil,2018-10-19,2008,TV-PG,6 Seasons,"Crime TV Shows, Comedies",A data-rich fictional streaming story about the midnight journey 45.
s0046,Movie,The Hidden Dream 46,Liam Sharma 11,"Sophia Singh 106, Sophia Patel 76, Isabella Mehta 176",Australia,2019-11-20,2009,TV-Y7,126 min,"Sci-Fi & Fantasy, International Movies",A data-rich fictional streaming story about the hidden dream 46.
s0047,Movie,The Silent Forest 47,Sophia Sharma 16,"Mateo Singh 113, Daniel Patel 87, Arjun Kumar 189",Mexico,2020-12-21,2010,TV-G,127 min,"Independent Movies, Action & Adventure",A data-rich fictional streaming story about the silent forest 47.
s0048,TV Show,The Golden Stories 48,Carlos Sharma 21,"Hana Singh 120, Neha Singh 98, Sofia Kumar 202","India, South Korea",2021-01-22,2011,TV-MA,1 Seasons,"Dramas, Thrillers",A data-rich fictional streaming story about the golden stories 48.
s0049,Movie,The Lost Empire 49,Isabella Sharma 26,"Vikram Kapoor 127, James Singh 109, Rahul Jain 215",United States,2022-02-23,2012,TV-14,129 min,"Comedies, Documentaries",A data-rich fictional streaming story about the lost empire 49.
s0050,Movie,The Future Shadow 50,Aarav Verma 31,"Olivia Kapoor 134, Hana Singh 120, Neha Sharma 8",United Kingdom,2023-03-24,2013,PG-13,130 min,"International Movies, Kids' TV",A data-rich fictional streaming story about the future shadow 50.
s0051,TV Show,The Northern Kingdom 51,Ananya Verma 36,"Carlos Kapoor 141, Liam Kapoor 131, Carlos Sharma 21",Canada,2024-04-25,2014,PG,4 Seasons,"Action & Adventure, TV Dramas",A data-rich fictional streaming story about the northern kingdom 51.
s0052,Movie,The Electric Horizon 52,Liam Verma 41,"Grace Kapoor 148, Sofia Kapoor 142, Riya Verma 34",Spain,2025-05-26,2015,R,132 min,"Thrillers, Romantic Movies",A data-rich fictional streaming story about the electric horizon 52.
s0053,Movie,The Secret City 53,Sophia Verma 46,"Rahul Mehta 155, Priya Mehta 153, Lucas Verma 47",South Korea,2026-06-27,2016,TV-PG,133 min,"Documentaries, Crime TV Shows",A data-rich fictional streaming story about the secret city 53.
s0054,TV Show,The Last Signal 54,Carlos Verma 51,"Emma Mehta 162, Olivia Mehta 164, Hana Verma 60",Japan,2018-07-01,2017,TV-Y7,7 Seasons,"Kids' TV, Sci-Fi & Fantasy",A data-rich fictional streaming story about the last signal 54.
s0055,Movie,The Infinite Galaxy 55,Isabella Verma 56,"James Mehta 169, Marco Mehta 175, Noah Patel 73",France,2019-08-02,2018,TV-G,135 min,"TV Dramas, Independent Movies",A data-rich fictional streaming story about the infinite galaxy 55.
s0056,Movie,The Broken Road 56,Aarav Patel 61,"Isabella Mehta 176, Ananya Kumar 186, Isabella Patel 86","Germany, United States",2020-09-03,2019,TV-MA,136 min,"Romantic Movies, Dramas",A data-rich fictional streaming story about the broken road 56.
s0057,TV Show,The Crimson Ocean 57,Ananya Patel 66,"Priya Kumar 183, Lucas Kumar 197, Arjun Singh 99",Brazil,2021-10-04,2020,TV-14,2 Seasons,"Crime TV Shows, Comedies",A data-rich fictional streaming story about the crimson ocean 57.
s0058,Movie,The Frozen Code 58,Liam Patel 71,,Australia,2022-11-05,2021,PG-13,138 min,"Sci-Fi & Fantasy, International Movies",A data-rich fictional streaming story about the frozen code 58.
s0059,Movie,The Digital Echo 59,Sophia Patel 76,"Lucas Kumar 197, Arjun Jain 219, Rahul Kapoor 125",Mexico,2023-12-06,2022,PG,139 min,"Independent Movies, Action & Adventure",A data-rich fictional streaming story about the digital echo 59.
s0060,TV Show,The Midnight Journey 60,Carlos Patel 81,"Elena Kumar 204, Kavya Sharma 10, Mia Kapoor 138",India,2024-01-07,2023,R,5 Seasons,"Dramas, Thrillers",A data-rich fictional streaming story about the midnight journey 60.
s0061,Movie,The Hidden Dream 61,Isabella Patel 86,"Aarav Jain 211, Carlos Sharma 21, Aarav Mehta 151",United States,2025-02-08,2024,TV-PG,141 min,"Comedies, Documentaries",A data-rich fictional streaming story about the hidden dream 61.
s0062,Movie,The Silent Forest 62,Aarav Singh 91,"Neha Jain 218, Aditya Verma 32, Olivia Mehta 164",United Kingdom,2026-03-09,2025,TV-Y7,142 min,"International Movies, Kids' TV",A data-rich fictional streaming story about the silent forest 62.
s0063,TV Show,The Golden Stories 63,Ananya Singh 96,"Rahul Sharma 5, Noah Verma 43, Daniel Mehta 177",Canada,2018-04-10,2005,TV-G,8 Seasons,"Action & Adventure, TV Dramas",A data-rich fictional streaming story about the golden stories 63.
s0064,Movie,The Lost Empire 64,Liam Singh 101,"Emma Sharma 12, Elena Verma 54, Kavya Kumar 190","Spain, Brazil",2019-05-11,2006,TV-MA,144 min,"Thrillers, Romantic Movies",A data-rich fictional streaming story about the lost empire 64.
s0065,Movie,The Future Shadow 65,Sophia Singh 106,"James Sharma 19, Rahul Patel 65, Mateo Kumar 203",South Korea,2020-06-12,2007,TV-14,145 min,"Documentaries, Crime TV Shows",A data-rich fictional streaming story about the future shadow 65.
s0066,TV Show,The Northern Kingdom 66,Carlos Singh 111,"Isabella Sharma 26, Sophia Patel 76, Ananya Jain 216",Japan,2021-07-13,2008,PG-13,3 Seasons,"Kids' TV, Sci-Fi & Fantasy",A data-rich fictional streaming story about the northern kingdom 66.
s0067,Movie,The Electric Horizon 67,Isabella Singh 116,"Priya Verma 33, Daniel Patel 87, Arjun Sharma 9",France,2022-08-14,2009,PG,147 min,"TV Dramas, Independent Movies",A data-rich fictional streaming story about the electric horizon 67.
s0068,Movie,The Secret City 68,Aarav Kapoor 121,"Kavya Verma 40, Neha Singh 98, Sofia Sharma 22",Germany,2023-09-15,2010,R,148 min,"Romantic Movies, Dramas",A data-rich fictional streaming story about the secret city 68.
s0069,TV Show,The Last Signal 69,Ananya Kapoor 126,"Lucas Verma 47, James Singh 109, Rahul Verma 35",Brazil,2024-10-16,2011,TV-PG,6 Seasons,"Crime TV Shows, Comedies",A data-rich fictional streaming story about the last signal 69.
s0070,Movie,The Infinite Galaxy 70,Liam Kapoor 131,"Elena Verma 54, Hana Singh 120, Mia Verma 48",Australia,2025-11-17,2012,TV-Y7,150 min,"Sci-Fi & Fantasy, International Movies",A data-rich fictional streaming story about the infinite galaxy 70.
s0071,Movie,The Broken Road 71,Sophia Kapoor 136,"Aarav Patel 61, Liam Kapoor 131, Aarav Patel 61",Mexico,2026-12-18,2013,TV-G,151 min,"Independent Movies, Action & Adventure",A data-rich fictional streaming story about the broken road 71.
s0072,TV Show,The Crimson Ocean 72,Carlos Kapoor 141,"Neha Patel 68, Sofia Kapoor 142, Olivia Patel 74","India, South Korea",2018-01-19,2014,TV-MA,1 Seasons,"Dramas, Thrillers",A data-rich fictional streaming story about the crimson ocean 72.
s0073,Movie,The Frozen Code 73,Isabella Kapoor 146,"Ethan Patel 75, Priya Mehta 153, Daniel Patel 87",United States,2019-02-20,2015,TV-14,153 min,"Comedies, Documentaries",A data-rich fictional streaming story about the frozen code 73.
s0074,Movie,The Digital Echo 74,,"Sofia Patel 82, Olivia Mehta 164, Kavya Singh 100",United Kingdom,2020-03-21,2016,PG-13,154 min,"International Movies, Kids' TV",A data-rich fictional streaming story about the digital echo 74.
s0075,TV Show,The Midnight Journey 75,Ananya Mehta 156,"Yuki Patel 89, Marco Mehta 175, Mateo Singh 113",Canada,2021-04-22,2017,PG,4 Seasons,"Action & Adventure, TV Dramas",A data-rich fictional streaming story about the midnight journey 75.
s0076,Movie,The Hidden Dream 76,Liam Mehta 161,"Ananya Singh 96, Ananya Kumar 186, Ananya Kapoor 126",Spain,2022-05-23,2018,R,81 min,"Thrillers, Romantic Movies",A data-rich fictional streaming story about the hidden dream 76.
s0077,Movie,The Silent Forest 77,Sophia Mehta 166,"Noah Singh 103, Lucas Kumar 197, James Kapoor 139",South Korea,2023-06-24,2019,TV-PG,82 min,"Documentaries, Crime TV Shows",A data-rich fictional streaming story about the silent forest 77.
s0078,TV Show,The Golden Stories 78,Carlos Mehta 171,"Ava Singh 110, Grace Kumar 208, Aditya Mehta 152",Japan,2024-07-25,2020,TV-Y7,7 Seasons,"Kids' TV, Sci-Fi & Fantasy",A data-rich fictional streaming story about the golden stories 78.
s0079,Movie,The Lost Empire 79,Isabella Mehta 176,"Daniel Singh 117, Arjun Jain 219, Ethan Mehta 165",France,2025-08-26,2021,TV-G,84 min,"TV Dramas, Independent Movies",A data-rich fictional streaming story about the lost empire 79.
s0080,Movie,The Future Shadow 80,Aarav Kumar 181,"Riya Kapoor 124, Kavya Sharma 10, Grace Mehta 178","Germany, United States",2026-09-27,2022,TV-MA,85 min,"Romantic Movies, Dramas",A data-rich fictional streaming story about the future shadow 80.
s0081,TV Show,The Northern Kingdom 81,Ananya Kumar 186,"Liam Kapoor 131, Carlos Sharma 21, Liam Kumar 191",Brazil,2023-10-01,2023,TV-14,2 Seasons,"Crime TV Shows, Comedies",A data-rich fictional streaming story about the northern kingdom 81.
s0082,Movie,The Electric Horizon 82,Liam Kumar 191,"Mia Kapoor 138, Aditya Verma 32, Elena Kumar 204",Australia,2024-11-02,2024,,87 min,"Sci-Fi & Fantasy, International Movies",A data-rich fictional streaming story about the electric horizon 82.
s0083,Movie,The Secret City 83,Sophia Kumar 196,"Marco Kapoor 145, Noah Verma 43, Vikram Jain 217",Mexico,2025-12-03,2025,PG,88 min,"Independent Movies, Action & Adventure",A data-rich fictional streaming story about the secret city 83.
s0084,TV Show,The Last Signal 84,Carlos Kumar 201,"Aditya Mehta 152, Elena Verma 54, Kavya Sharma 10",India,2021-01-04,2005,R,5 Seasons,"Dramas, Thrillers",A data-rich fictional streaming story about the last signal 84.
s0085,Movie,The Infinite Galaxy 85,Isabella Kumar 206,"Arjun Mehta 159, Rahul Patel 65, Mateo Sharma 23",United States,2022-02-05,2006,TV-PG,90 min,"Comedies, Documentaries",A data-rich fictional streaming story about the infinite galaxy 85.
s0086,Movie,The Broken Road 86,Aarav Jain 211,"Sophia Mehta 166, Sophia Patel 76, Ananya Verma 36",United Kingdom,2023-03-06,2007,TV-Y7,91 min,"International Movies, Kids' TV",A data-rich fictional streaming story about the broken road 86.
s0087,TV Show,The Crimson Ocean 87,Ananya Jain 216,,Canada,2024-04-07,2008,TV-G,8 Seasons,"Action & Adventure, TV Dramas",A data-rich fictional streaming story about the crimson ocean 87.
s0088,Movie,The Frozen Code 88,Aarav Sharma 1,"Hana Mehta 180, Neha Singh 98, Aditya Patel 62","Spain, Brazil",2025-05-08,2009,TV-MA,93 min,"Thrillers, Romantic Movies",A data-rich fictional streaming story about the frozen code 88.
s0089,Movie,The Digital Echo 89,Ananya Sharma 6,"Vikram Kumar 187, James Singh 109, Ethan Patel 75",South Korea,2026-06-09,2010,TV-14,94 min,"Documentaries, Crime TV Shows",A data-rich fictional streaming story about the digital echo 89.
s0090,TV Show,The Midnight Journey 90,Liam Sharma 11,"Olivia Kumar 194, Hana Singh 120, Grace Patel 88",Japan,2018-07-10,2011,PG-13,3 Seasons,"Kids' TV, Sci-Fi & Fantasy",A data-rich fictional streaming story about the midnight journey 90.
s0091,Movie,The Hidden Dream 91,Sophia Sharma 16,"Carlos Kumar 201, Liam Kapoor 131, Liam Singh 101",France,2019-08-11,2012,PG,96 min,"TV Dramas, Independent Movies",A data-rich fictional streaming story about the hidden dream 91.
s0092,Movie,The Silent Forest 92,Carlos Sharma 21,"Grace Kumar 208, Sofia Kapoor 142, Elena Singh 114",Germany,2020-09-12,2013,R,97 min,"Romantic Movies, Dramas",A data-rich fictional streaming story about the silent forest 92.
s0093,TV Show,The Golden Stories 93,Isabella Sharma 26,"Rahul Jain 215, Priya Mehta 153, Vikram Kapoor 127",Brazil,2021-10-13,2014,TV-PG,6 Seasons,"Crime TV Shows, Comedies",A data-rich fictional streaming story about the golden stories 93.
s0094,Movie,The Lost Empire 94,Aarav Verma 31,"Aditya Sharma 2, Olivia Mehta 164, Ava Kapoor 140",Australia,2022-11-14,2015,TV-Y7,99 min,"Sci-Fi & Fantasy, International Movies",A data-rich fictional streaming story about the lost empire 94.
s0095,Movie,The Future Shadow 95,Ananya Verma 36,"Arjun Sharma 9, Marco Mehta 175, Priya Mehta 153",Mexico,2023-12-15,2016,TV-G,100 min,"Independent Movies, Action & Adventure",A data-rich fictional streaming story about the future shadow 95.
s0096,TV Show,The Northern Kingdom 96,Liam Verma 41,"Sophia Sharma 16, Ananya Kumar 186, Sophia Mehta 166","India, South Korea",2024-01-16,2017,TV-MA,1 Seasons,"Dramas, Thrillers",A data-rich fictional streaming story about the northern kingdom 96.
s0097,Movie,The Electric Horizon 97,Sophia Verma 46,"Mateo Sharma 23, Lucas Kumar 197, Yuki Mehta 179",United States,2025-02-17,2018,TV-14,102 min,"Comedies, Documentaries",A data-rich fictional streaming story about the electric horizon 97.
s0098,Movie,The Secret City 98,Carlos Verma 51,"Hana Sharma 30, Grace Kumar 208, Emma Kumar 192",United Kingdom,2026-03-18,2019,PG-13,103 min,"International Movies, Kids' TV",A data-rich fictional streaming story about the secret city 98.
s0099,TV Show,The Last Signal 99,Isabella Verma 56,"Vikram Verma 37, Arjun Jain 219, Marco Kumar 205",Canada,2020-04-19,2020,PG,4 Seasons,"Action & Adventure, TV Dramas",A data-rich fictional streaming story about the last signal 99.
s0100,Movie,The Infinite Galaxy 100,Aarav Patel 61,"Olivia Verma 44, Kavya Sharma 10, Neha Jain 218",Spain,2021-05-20,2021,R,105 min,"Thrillers, Romantic Movies",A data-rich fictional streaming story about the infinite galaxy 100.
s0101,Movie,The Broken Road 101,Ananya Patel 66,"Carlos Verma 51, Carlos Sharma 21, Liam Sharma 11",South Korea,2022-06-21,2022,TV-PG,106 min,"Documentaries, Crime TV Shows",A data-rich fictional streaming story about the broken road 101.
s0102,TV Show,The Crimson Ocean 102,Liam Patel 71,"Grace Verma 58, Aditya Verma 32, Elena Sharma 24",Japan,2023-07-22,2023,TV-Y7,7 Seasons,"Kids' TV, Sci-Fi & Fantasy",A data-rich fictional streaming story about the crimson ocean 102.
s0103,Movie,The Frozen Code 103,Sophia Patel 76,"Rahul Patel 65, Noah Verma 43, Vikram Verma 37",France,2024-08-23,2024,TV-G,108 min,"TV Dramas, Independent Movies",A data-rich fictional streaming story about the frozen code 103.
s0104,Movie,The Digital Echo 104,Carlos Patel 81,"Emma Patel 72, Elena Verma 54, Ava Verma 50","Germany, United States",2025-09-24,2025,TV-MA,109 min,"Romantic Movies, Dramas",A data-rich fictional streaming story about the digital echo 104.
s0105,TV Show,The Midnight Journey 105,Isabella Patel 86,"James Patel 79, Rahul Patel 65, Priya Patel 63",Brazil,2024-10-25,2005,TV-14,2 Seasons,"Crime TV Shows, Comedies",A data-rich fictional streaming story about the midnight journey 105.
s0106,Movie,The Hidden Dream 106,Aarav Singh 91,"Isabella Patel 86, Sophia Patel 76, Sophia Patel 76",Australia,2025-11-26,2006,PG-13,111 min,"Sci-Fi & Fantasy, International Movies",A data-rich fictional streaming story about the hidden dream 106.
s0107,Movie,The Silent Forest 107,Ananya Singh 96,"Priya Singh 93, Daniel Patel 87, Yuki Patel 89",Mexico,2026-12-27,2007,PG,112 min,"Independent Movies, Action & Adventure",A data-rich fictional streaming story about the silent forest 107.
s0108,TV Show,The Golden Stories 108,Liam Singh 101,"Kavya Singh 100, Neha Singh 98, Emma Singh 102",India,2018-01-01,2008,R,5 Seasons,"Dramas, Thrillers",A data-rich fictional streaming story about the golden stories 108.
s0109,Movie,The Lost Empire 109,Sophia Singh 106,"Lucas Singh 107, James Singh 109, Marco Singh 115",United States,2019-02-02,2009,TV-PG,114 min,"Comedies, Documentaries",A data-rich fictional streaming story about the lost empire 109.
s0110,Movie,The Future Shadow 110,Carlos Singh 111,"Elena Singh 114, Hana Singh 120, Neha Kapoor 128",United Kingdom,2020-03-03,2010,TV-Y7,115 min,"International Movies, Kids' TV",A data-rich fictional streaming story about the future shadow 110.
s0111,TV Show,The Northern Kingdom 111,,"Aarav Kapoor 121, Liam Kapoor 131, Carlos Kapoor 141",Canada,2021-04-04,2011,TV-G,8 Seasons,"Action & Adventure, TV Dramas",A data-rich fictional streaming story about the northern kingdom 111.
s0112,Movie,The Electric Horizon 112,Aarav Kapoor 121,"Neha Kapoor 128, Sofia Kapoor 142, Riya Mehta 154","Spain, Brazil",2022-05-05,2012,TV-MA,117 min,"Thrillers, Romantic Movies",A data-rich fictional streaming story about the electric horizon 112.
s0113,Movie,The Secret City 113,Ananya Kapoor 126,"Ethan Kapoor 135, Priya Mehta 153, Lucas Mehta 167",South Korea,2023-06-06,2013,TV-14,118 min,"Documentaries, Crime TV Shows",A data-rich fictional streaming story about the secret city 113.
s0114,TV Show,The Last Signal 114,Liam Kapoor 131,"Sofia Kapoor 142, Olivia Mehta 164, Hana Mehta 180",Japan,2024-07-07,2014,PG-13,3 Seasons,"Kids' TV, Sci-Fi & Fantasy",A data-rich fictional streaming story about the last signal 114.
s0115,Movie,The Infinite Galaxy 115,Sophia Kapoor 136,"Yuki Kapoor 149, Marco Mehta 175, Noah Kumar 193",France,2025-08-08,2015,PG,120 min,"TV Dramas, Independent Movies",A data-rich fictional streaming story about the infinite galaxy 115.
s0116,Movie,The Broken Road 116,Carlos Kapoor 141,,Germany,2026-09-09,2016,R,121 min,"Romantic Movies, Dramas",A data-rich fictional streaming story about the broken road 116.
s0117,TV Show,The Crimson Ocean 117,Isabella Kapoor 146,"Noah Mehta 163, Lucas Kumar 197, Arjun Jain 219",Brazil,2018-10-10,2017,TV-PG,6 Seasons,"Crime TV Shows, Comedies",A data-rich fictional streaming story about the crimson ocean 117.
s0118,Movie,The Frozen Code 118,Aarav Mehta 151,"Ava Mehta 170, Grace Kumar 208, Emma Sharma 12",Australia,2019-11-11,2018,TV-Y7,123 min,"Sci-Fi & Fantasy, International Movies",A data-rich fictional streaming story about the frozen code 118.
s0119,Movie,The Digital Echo 119,Ananya Mehta 156,"Daniel Mehta 177, Arjun Jain 219, Marco Sharma 25",Mexico,2020-12-12,2019,TV-G,124 min,"Independent Movies, Action & Adventure",A data-rich fictional streaming story about the digital echo 119.
s0120,TV Show,The Midnight Journey 120,Liam Mehta 161,"Riya Kumar 184, Kavya Sharma 10, Neha Verma 38","India, South Korea",2021-01-13,2020,TV-MA,1 Seasons,"Dramas, Thrillers",A data-rich fictional streaming story about the midnight journey 120.
s0121,Movie,The Hidden Dream 121,Sophia Mehta 166,"Liam Kumar 191, Carlos Sharma 21, Carlos Verma 51",United States,2022-02-14,2021,TV-14,126 min,"Comedies, Documentaries",A data-rich fictional streaming story about the hidden dream 121.
s0122,Movie,The Silent Forest 122,Carlos Mehta 171,"Mia Kumar 198, Aditya Verma 32, Riya Patel 64",United Kingdom,2023-03-15,2022,PG-13,127 min,"International Movies, Kids' TV",A data-rich fictional streaming story about the silent forest 122.
s0123,TV Show,The Golden Stories 123,Isabella Mehta 176,"Marco Kumar 205, Noah Verma 43, Lucas Patel 77",Canada,2024-04-16,2023,,4 Seasons,"Action & Adventure, TV Dramas",A data-rich fictional streaming story about the golden stories 123.
s0124,Movie,The Lost Empire 124,Aarav Kumar 181,"Aditya Jain 212, Elena Verma 54, Hana Patel 90",Spain,2025-05-17,2024,R,129 min,"Thrillers, Romantic Movies",A data-rich fictional streaming story about the lost empire 124.
s0125,Movie,The Future Shadow 125,Ananya Kumar 186,"Arjun Jain 219, Rahul Patel 65, Noah Singh 103",South Korea,2026-06-18,2025,TV-PG,130 min,"Documentaries, Crime TV Shows",A data-rich fictional streaming story about the future shadow 125.
s0126,TV Show,The Northern Kingdom 126,Liam Kumar 191,"Ananya Sharma 6, Sophia Patel 76, Isabella Singh 116",Japan,2018-07-19,2005,TV-Y7,7 Seasons,"Kids' TV, Sci-Fi & Fantasy",A data-rich fictional streaming story about the northern kingdom 126.
s0127,Movie,The Electric Horizon 127,Sophia Kumar 196,"Noah Sharma 13, Daniel Patel 87, Arjun Kapoor 129",France,2019-08-20,2006,TV-G,132 min,"TV Dramas, Independent Movies",A data-rich fictional streaming story about the electric horizon 127.
s0128,Movie,The Secret City 128,Carlos Kumar 201,"Ava Sharma 20, Neha Singh 98, Sofia Kapoor 142","Germany, United States",2020-09-21,2007,TV-MA,133 min,"Romantic Movies, Dramas",A data-rich fictional streaming story about the secret city 128.
s0129,TV Show,The Last Signal 129,Isabella Kumar 206,"Daniel Sharma 27, James Singh 109, Rahul Mehta 155",Brazil,2021-10-22,2008,TV-14,2 Seasons,"Crime TV Shows, Comedies",A data-rich fictional streaming story about the last signal 129.
s0130,Movie,The Infinite Galaxy 130,Aarav Jain 211,"Riya Verma 34, Hana Singh 120, Mia Mehta 168",Australia,2022-11-23,2009,PG-13,135 min,"Sci-Fi & Fantasy, International Movies",A data-rich fictional streaming story about the infinite galaxy 130.
s0131,Movie,The Broken Road 131,Ananya Jain 216,"Liam Verma 41, Liam Kapoor 131, Aarav Kumar 181",Mexico,2023-12-24,2010,PG,136 min,"Independent Movies, Action & Adventure",A data-rich fictional streaming story about the broken road 131.
s0132,TV Show,The Crimson Ocean 132,Aarav Sharma 1,"Mia Verma 48, Sofia Kapoor 142, Olivia Kumar 194",India,2024-01-25,2011,R,5 Seasons,"Dramas, Thrillers",A data-rich fictional streaming story about the crimson ocean 132.
s0133,Movie,The Frozen Code 133,Ananya Sharma 6,"Marco Verma 55, Priya Mehta 153, Daniel Kumar 207",United States,2025-02-26,2012,TV-PG,138 min,"Comedies, Documentaries",A data-rich fictional streaming story about the frozen code 133.
s0134,Movie,The Digital Echo 134,Liam Sharma 11,"Aditya Patel 62, Olivia Mehta 164, Kavya Jain 220",United Kingdom,2026-03-27,2013,TV-Y7,139 min,"International Movies, Kids' TV",A data-rich fictional streaming story about the digital echo 134.
s0135,TV Show,The Midnight Journey 135,Sophia Sharma 16,"Arjun Patel 69, Marco Mehta 175, Noah Sharma 13",Canada,2018-04-01,2014,TV-G,8 Seasons,"Action & Adventure, TV Dramas",A data-rich fictional streaming story about the midnight journey 135.
s0136,Movie,The Hidden Dream 136,Carlos Sharma 21,"Sophia Patel 76, Ananya Kumar 186, Isabella Sharma 26","Spain, Brazil",2019-05-02,2015,TV-MA,141 min,"Thrillers, Romantic Movies",A data-rich fictional streaming story about the hidden dream 136.
s0137,Movie,The Silent Forest 137,Isabella Sharma 26,"Mateo Patel 83, Lucas Kumar 197, Arjun Verma 39",South Korea,2020-06-03,2016,TV-14,142 min,"Documentaries, Crime TV Shows",A data-rich fictional streaming story about the silent forest 137.
s0138,TV Show,The Golden Stories 138,Aarav Verma 31,"Hana Patel 90, Grace Kumar 208, Sofia Verma 52",Japan,2021-07-04,2017,PG-13,3 Seasons,"Kids' TV, Sci-Fi & Fantasy",A data-rich fictional streaming story about the golden stories 138.
s0139,Movie,The Lost Empire 139,Ananya Verma 36,"Vikram Singh 97, Arjun Jain 219, Rahul Patel 65",France,2022-08-05,2018,PG,144 min,"TV Dramas, Independent Movies",A data-rich fictional streaming story about the lost empire 139.
s0140,Movie,The Future Shadow 140,Liam Verma 41,"Olivia Singh 104, Kavya Sharma 10, Mia Patel 78",Germany,2023-09-06,2019,R,145 min,"Romantic Movies, Dramas",A data-rich fictional streaming story about the future shadow 140.
s0141,TV Show,The Northern Kingdom 141,Sophia Verma 46,"Carlos Singh 111, Carlos Sharma 21, Aarav Singh 91",Brazil,2024-10-07,2020,TV-PG,6 Seasons,"Crime TV Shows, Comedies",A data-rich fictional streaming story about the northern kingdom 141.
s0142,Movie,The Electric Horizon 142,Carlos Verma 51,"Grace Singh 118, Aditya Verma 32, Olivia Singh 104",Australia,2025-11-08,2021,TV-Y7,147 min,"Sci-Fi & Fantasy, International Movies",A data-rich fictional streaming story about the electric horizon 142.
s0143,Movie,The Secret City 143,Isabella Verma 56,"Rahul Kapoor 125, Noah Verma 43, Daniel Singh 117",Mexico,2026-12-09,2022,TV-G,148 min,"Independent Movies, Action & Adventure",A data-rich fictional streaming story about the secret city 143.
s0144,TV Show,The Last Signal 144,Aarav Patel 61,"Emma Kapoor 132, Elena Verma 54, Kavya Kapoor 130","India, South Korea",2023-01-10,2023,TV-MA,1 Seasons,"Dramas, Thrillers",A data-rich fictional streaming story about the last signal 144.
s0145,Movie,The Infinite Galaxy 145,Ananya Patel 66,,United States,2024-02-11,2024,TV-14,150 min,"Comedies, Documentaries",A data-rich fictional streaming story about the infinite galaxy 145.
s0146,Movie,The Broken Road 146,Liam Patel 71,"Isabella Kapoor 146, Sophia Patel 76, Ananya Mehta 156",United Kingdom,2025-03-12,2025,PG-13,151 min,"International Movies, Kids' TV",A data-rich fictional streaming story about the broken road 146.
s0147,TV Show,The Crimson Ocean 147,Sophia Patel 76,"Priya Mehta 153, Daniel Patel 87, James Mehta 169",Canada,2021-04-13,2005,PG,4 Seasons,"Action & Adventure, TV Dramas",A data-rich fictional streaming story about the crimson ocean 147.
s0148,Movie,The Frozen Code 148,,"Kavya Mehta 160, Neha Singh 98, Aditya Kumar 182",Spain,2022-05-14,2006,R,153 min,"Thrillers, Romantic Movies",A data-rich fictional streaming story about the frozen code 148.
s0149,Movie,The Digital Echo 149,Isabella Patel 86,"Lucas Mehta 167, James Singh 109, Ethan Kumar 195",South Korea,2023-06-15,2007,TV-PG,154 min,"Documentaries, Crime TV Shows",A data-rich fictional streaming story about the digital echo 149.
s0150,TV Show,The Midnight Journey 150,Aarav Singh 91,"Elena Mehta 174, Hana Singh 120, Grace Kumar 208",Japan,2024-07-16,2008,TV-Y7,7 Seasons,"Kids' TV, Sci-Fi & Fantasy",A data-rich fictional streaming story about the midnight journey 150.
s0151,Movie,The Hidden Dream 151,Ananya Singh 96,"Aarav Kumar 181, Liam Kapoor 131, Aarav Sharma 1",France,2025-08-17,2009,TV-G,81 min,"TV Dramas, Independent Movies",A data-rich fictional streaming story about the hidden dream 151.
s0152,Movie,The Silent Forest 152,Liam Singh 101,"Neha Kumar 188, Sofia Kapoor 142, Olivia Sharma 14","Germany, United States",2026-09-18,2010,TV-MA,82 min,"Romantic Movies, Dramas",A data-rich fictional streaming story about the silent forest 152.
s0153,TV Show,The Golden Stories 153,Sophia Singh 106,"Ethan Kumar 195, Priya Mehta 153, Daniel Sharma 27",Brazil,2018-10-19,2011,TV-14,2 Seasons,"Crime TV Shows, Comedies",A data-rich fictional streaming story about the golden stories 153.
s0154,Movie,The Lost Empire 154,Carlos Singh 111,"Sofia Kumar 202, Olivia Mehta 164, Kavya Verma 40",Australia,2019-11-20,2012,PG-13,84 min,"Sci-Fi & Fantasy, International Movies",A data-rich fictional streaming story about the lost empire 154.
s0155,Movie,The Future Shadow 155,Isabella Singh 116,"Yuki Kumar 209, Marco Mehta 175, Mateo Verma 53",Mexico,2020-12-21,2013,PG,85 min,"Independent Movies, Action & Adventure",A data-rich fictional streaming story about the future shadow 155.
s0156,TV Show,The Northern Kingdom 156,Aarav Kapoor 121,"Ananya Jain 216, Ananya Kumar 186, Ananya Patel 66",India,2021-01-22,2014,R,5 Seasons,"Dramas, Thrillers",A data-rich fictional streaming story about the northern kingdom 156.
s0157,Movie,The Electric Horizon 157,Ananya Kapoor 126,"Priya Sharma 3, Lucas Kumar 197, James Patel 79",United States,2022-02-23,2015,TV-PG,87 min,"Comedies, Documentaries",A data-rich fictional streaming story about the electric horizon 157.
s0158,Movie,The Secret City 158,Liam Kapoor 131,"Kavya Sharma 10, Grace Kumar 208, Aditya Singh 92",United Kingdom,2023-03-24,2016,TV-Y7,88 min,"International Movies, Kids' TV",A data-rich fictional streaming story about the secret city 158.
s0159,TV Show,The Last Signal 159,Sophia Kapoor 136,"Lucas Sharma 17, Arjun Jain 219, Ethan Singh 105",Canada,2024-04-25,2017,TV-G,8 Seasons,"Action & Adventure, TV Dramas",A data-rich fictional streaming story about the last signal 159.
s0160,Movie,The Infinite Galaxy 160,Carlos Kapoor 141,"Elena Sharma 24, Kavya Sharma 10, Grace Singh 118","Spain, Brazil",2025-05-26,2018,TV-MA,90 min,"Thrillers, Romantic Movies",A data-rich fictional streaming story about the infinite galaxy 160.
s0161,Movie,The Broken Road 161,Isabella Kapoor 146,"Aarav Verma 31, Carlos Sharma 21, Liam Kapoor 131",South Korea,2026-06-27,2019,TV-14,91 min,"Documentaries, Crime TV Shows",A data-rich fictional streaming story about the broken road 161.
s0162,TV Show,The Crimson Ocean 162,Aarav Mehta 151,"Neha Verma 38, Aditya Verma 32, Elena Kapoor 144",Japan,2020-07-01,2020,PG-13,3 Seasons,"Kids' TV, Sci-Fi & Fantasy",A data-rich fictional streaming story about the crimson ocean 162.
s0163,Movie,The Frozen Code 163,Ananya Mehta 156,"Ethan Verma 45, Noah Verma 43, Vikram Mehta 157",France,2021-08-02,2021,PG,93 min,"TV Dramas, Independent Movies",A data-rich fictional streaming story about the frozen code 163.
s0164,Movie,The Digital Echo 164,Liam Mehta 161,"Sofia Verma 52, Elena Verma 54, Ava Mehta 170",Germany,2022-09-03,2022,,94 min,"Romantic Movies, Dramas",A data-rich fictional streaming story about the digital echo 164.
s0165,TV Show,The Midnight Journey 165,Sophia Mehta 166,"Yuki Verma 59, Rahul Patel 65, Priya Kumar 183",Brazil,2023-10-04,2023,TV-PG,6 Seasons,"Crime TV Shows, Comedies",A data-rich fictional streaming story about the midnight journey 165.
s0166,Movie,The Hidden Dream 166,Carlos Mehta 171,"Ananya Patel 66, Sophia Patel 76, Sophia Kumar 196",Australia,2024-11-05,2024,TV-Y7,96 min,"Sci-Fi & Fantasy, International Movies",A data-rich fictional streaming story about the hidden dream 166.
s0167,Movie,The Silent Forest 167,Isabella Mehta 176,"Noah Patel 73, Daniel Patel 87, Yuki Kumar 209",Mexico,2025-12-06,2025,TV-G,97 min,"Independent Movies, Action & Adventure",A data-rich fictional streaming story about the silent forest 167.
s0168,TV Show,The Golden Stories 168,Aarav Kumar 181,"Ava Patel 80, Neha Singh 98, Aditya Sharma 2","India, South Korea",2024-01-07,2005,TV-MA,1 Seasons,"Dramas, Thrillers",A data-rich fictional streaming story about the golden stories 168.
s0169,Movie,The Lost Empire 169,Ananya Kumar 186,"Daniel Patel 87, James Singh 109, Ethan Sharma 15",United States,2025-02-08,2006,TV-14,99 min,"Comedies, Documentaries",A data-rich fictional streaming story about the lost empire 169.
s0170,Movie,The Future Shadow 170,Liam Kumar 191,"Riya Singh 94, Hana Singh 120, Grace Sharma 28",United Kingdom,2026-03-09,2007,PG-13,100 min,"International Movies, Kids' TV",A data-rich fictional streaming story about the future shadow 170.
s0171,TV Show,The Northern Kingdom 171,Sophia Kumar 196,"Liam Singh 101, Liam Kapoor 131, Liam Verma 41",Canada,2018-04-10,2008,PG,4 Seasons,"Action & Adventure, TV Dramas",A data-rich fictional streaming story about the northern kingdom 171.
s0172,Movie,The Electric Horizon 172,Carlos Kumar 201,"Mia Singh 108, Sofia Kapoor 142, Elena Verma 54",Spain,2019-05-11,2009,R,102 min,"Thrillers, Romantic Movies",A data-rich fictional streaming story about the electric horizon 172.
s0173,Movie,The Secret City 173,Isabella Kumar 206,"Marco Singh 115, Priya Mehta 153, Vikram Patel 67",South Korea,2020-06-12,2010,TV-PG,103 min,"Documentaries, Crime TV Shows",A data-rich fictional streaming story about the secret city 173.
s0174,TV Show,The Last Signal 174,Aarav Jain 211,,Japan,2021-07-13,2011,TV-Y7,7 Seasons,"Kids' TV, Sci-Fi & Fantasy",A data-rich fictional streaming story about the last signal 174.
s0175,Movie,The Infinite Galaxy 175,Ananya Jain 216,"Arjun Kapoor 129, Marco Mehta 175, Priya Singh 93",France,2022-08-14,2012,TV-G,105 min,"TV Dramas, Independent Movies",A data-rich fictional streaming story about the infinite galaxy 175.
s0176,Movie,The Broken Road 176,Aarav Sharma 1,"Sophia Kapoor 136, Ananya Kumar 186, Sophia Singh 106","Germany, United States",2023-09-15,2013,TV-MA,106 min,"Romantic Movies, Dramas",A data-rich fictional streaming story about the broken road 176.
s0177,TV Show,The Crimson Ocean 177,Ananya Sharma 6,"Mateo Kapoor 143, Lucas Kumar 197, Yuki Singh 119",Brazil,2024-10-16,2014,TV-14,2 Seasons,"Crime TV Shows, Comedies",A data-rich fictional streaming story about the crimson ocean 177.
s0178,Movie,The Frozen Code 178,Liam Sharma 11,"Hana Kapoor 150, Grace Kumar 208, Emma Kapoor 132",Australia,2025-11-17,2015,PG-13,108 min,"Sci-Fi & Fantasy, International Movies",A data-rich fictional streaming story about the frozen code 178.
s0179,Movie,The Digital Echo 179,Sophia Sharma 16,"Vikram Mehta 157, Arjun Jain 219, Marco Kapoor 145",Mexico,2026-12-18,2016,PG,109 min,"Independent Movies, Action & Adventure",A data-rich fictional streaming story about the digital echo 179.
s0180,TV Show,The Midnight Journey 180,Carlos Sharma 21,"Olivia Mehta 164, Kavya Sharma 10, Neha Mehta 158",India,2018-01-19,2017,R,5 Seasons,"Dramas, Thrillers",A data-rich fictional streaming story about the midnight journey 180.
s0181,Movie,The Hidden Dream 181,Isabella Sharma 26,"Carlos Mehta 171, Carlos Sharma 21, Carlos Mehta 171",United States,2019-02-20,2018,TV-PG,111 min,"Comedies, Documentaries",A data-rich fictional streaming story about the hidden dream 181.
s0182,Movie,The Silent Forest 182,Aarav Verma 31,"Grace Mehta 178, Aditya Verma 32, Riya Kumar 184",United Kingdom,2020-03-21,2019,TV-Y7,112 min,"International Movies, Kids' TV",A data-rich fictional streaming story about the silent forest 182.
s0183,TV Show,The Golden Stories 183,Ananya Verma 36,"Rahul Kumar 185, Noah Verma 43, Lucas Kumar 197",Canada,2021-04-22,2020,TV-G,8 Seasons,"Action & Adventure, TV Dramas",A data-rich fictional streaming story about the golden stories 183.
s0184,Movie,The Lost Empire 184,Liam Verma 41,"Emma Kumar 192, Elena Verma 54, Hana Kumar 210","Spain, Brazil",2022-05-23,2021,TV-MA,114 min,"Thrillers, Romantic Movies",A data-rich fictional streaming story about the lost empire 184.
s0185,Movie,The Future Shadow 185,,"James Kumar 199, Rahul Patel 65, Priya Sharma 3",South Korea,2023-06-24,2022,TV-14,115 min,"Documentaries, Crime TV Shows",A data-rich fictional streaming story about the future shadow 185.
s0186,TV Show,The Northern Kingdom 186,Carlos Verma 51,"Isabella Kumar 206, Sophia Patel 76, Sophia Sharma 16",Japan,2024-07-25,2023,PG-13,3 Seasons,"Kids' TV, Sci-Fi & Fantasy",A data-rich fictional streaming story about the northern kingdom 186.
s0187,Movie,The Electric Horizon 187,Isabella Verma 56,"Priya Jain 213, Daniel Patel 87, Yuki Sharma 29",France,2025-08-26,2024,PG,117 min,"TV Dramas, Independent Movies",A data-rich fictional streaming story about the electric horizon 187.
s0188,Movie,The Secret City 188,Aarav Patel 61,"Kavya Jain 220, Neha Singh 98, Emma Verma 42",Germany,2026-09-27,2025,R,118 min,"Romantic Movies, Dramas",A data-rich fictional streaming story about the secret city 188.
s0189,TV Show,The Last Signal 189,Ananya Patel 66,"Vikram Sharma 7, James Singh 109, Marco Verma 55",Brazil,2018-10-01,2005,TV-PG,6 Seasons,"Crime TV Shows, Comedies",A data-rich fictional streaming story about the last signal 189.
s0190,Movie,The Infinite Galaxy 190,Liam Patel 71,"Olivia Sharma 14, Hana Singh 120, Neha Patel 68",Australia,2019-11-02,2006,TV-Y7,120 min,"Sci-Fi & Fantasy, International Movies",A data-rich fictional streaming story about the infinite galaxy 190.
s0191,Movie,The Broken Road 191,Sophia Patel 76,"Carlos Sharma 21, Liam Kapoor 131, Carlos Patel 81",Mexico,2020-12-03,2007,TV-G,121 min,"Independent Movies, Action & Adventure",A data-rich fictional streaming story about the broken road 191.
s0192,TV Show,The Crimson Ocean 192,Carlos Patel 81,"Grace Sharma 28, Sofia Kapoor 142, Riya Singh 94","India, South Korea",2021-01-04,2008,TV-MA,1 Seasons,"Dramas, Thrillers",A data-rich fictional streaming story about the crimson ocean 192.
s0193,Movie,The Frozen Code 193,Isabella Patel 86,"Rahul Verma 35, Priya Mehta 153, Lucas Singh 107",United States,2022-02-05,2009,TV-14,123 min,"Comedies, Documentaries",A data-rich fictional streaming story about the frozen code 193.
s0194,Movie,The Digital Echo 194,Aarav Singh 91,"Emma Verma 42, Olivia Mehta 164, Hana Singh 120",United Kingdom,2023-03-06,2010,PG-13,124 min,"International Movies, Kids' TV",A data-rich fictional streaming story about the digital echo 194.
s0195,TV Show,The Midnight Journey 195,Ananya Singh 96,"James Verma 49, Marco Mehta 175, Noah Kapoor 133",Canada,2024-04-07,2011,PG,4 Seasons,"Action & Adventure, TV Dramas",A data-rich fictional streaming story about the midnight journey 195.
s0196,Movie,The Hidden Dream 196,Liam Singh 101,"Isabella Verma 56, Ananya Kumar 186, Isabella Kapoor 146",Spain,2025-05-08,2012,R,126 min,"Thrillers, Romantic Movies",A data-rich fictional streaming story about the hidden dream 196.
s0197,Movie,The Silent Forest 197,Sophia Singh 106,"Priya Patel 63, Lucas Kumar 197, Arjun Mehta 159",South Korea,2026-06-09,2013,TV-PG,127 min,"Documentaries, Crime TV Shows",A data-rich fictional streaming story about the silent forest 197.
s0198,TV Show,The Golden Stories 198,Carlos Singh 111,"Kavya Patel 70, Grace Kumar 208, Sofia Mehta 172",Japan,2018-07-10,2014,TV-Y7,7 Seasons,"Kids' TV, Sci-Fi & Fantasy",A data-rich fictional streaming story about the golden stories 198.
s0199,Movie,The Lost Empire 199,Isabella Singh 116,"Lucas Patel 77, Arjun Jain 219, Rahul Kumar 185",France,2019-08-11,2015,TV-G,129 min,"TV Dramas, Independent Movies",A data-rich fictional streaming story about the lost empire 199.
s0200,Movie,The Future Shadow 200,Aarav Kapoor 121,"Elena Patel 84, Kavya Sharma 10, Mia Kumar 198","Germany, United States",2020-09-12,2016,TV-MA,130 min,"Romantic Movies, Dramas",A data-rich fictional streaming story about the future shadow 200.
s0201,TV Show,The Northern Kingdom 201,Ananya Kapoor 126,"Aarav Singh 91, Carlos Sharma 21, Aarav Jain 211",Brazil,2021-10-13,2017,TV-14,2 Seasons,"Crime TV Shows, Comedies",A data-rich fictional streaming story about the northern kingdom 201.
s0202,Movie,The Electric Horizon 202,Liam Kapoor 131,"Neha Singh 98, Aditya Verma 32, Riya Sharma 4",Australia,2022-11-14,2018,PG-13,132 min,"Sci-Fi & Fantasy, International Movies",A data-rich fictional streaming story about the electric horizon 202.
s0203,Movie,The Secret City 203,Sophia Kapoor 136,,Mexico,2023-12-15,2019,PG,133 min,"Independent Movies, Action & Adventure",A data-rich fictional streaming story about the secret city 203.
s0204,TV Show,The Last Signal 204,Carlos Kapoor 141,"Sofia Singh 112, Elena Verma 54, Hana Sharma 30",India,2024-01-16,2020,R,5 Seasons,"Dramas, Thrillers",A data-rich fictional streaming story about the last signal 204.
s0205,Movie,The Infinite Galaxy 205,Isabella Kapoor 146,"Yuki Singh 119, Rahul Patel 65, Noah Verma 43",United States,2025-02-17,2021,,135 min,"Comedies, Documentaries",A data-rich fictional streaming story about the infinite galaxy 205.
s0206,Movie,The Broken Road 206,Aarav Mehta 151,"Ananya Kapoor 126, Sophia Patel 76, Isabella Verma 56",United Kingdom,2026-03-18,2022,TV-Y7,136 min,"International Movies, Kids' TV",A data-rich fictional streaming story about the broken road 206.
s0207,TV Show,The Crimson Ocean 207,Ananya Mehta 156,"Noah Kapoor 133, Daniel Patel 87, Arjun Patel 69",Canada,2023-04-19,2023,TV-G,8 Seasons,"Action & Adventure, TV Dramas",A data-rich fictional streaming story about the crimson ocean 207.
s0208,Movie,The Frozen Code 208,Liam Mehta 161,"Ava Kapoor 140, Neha Singh 98, Sofia Patel 82","Spain, Brazil",2024-05-20,2024,TV-MA,138 min,"Thrillers, Romantic Movies",A data-rich fictional streaming story about the frozen code 208.
s0209,Movie,The Digital Echo 209,Sophia Mehta 166,"Daniel Kapoor 147, James Singh 109, Rahul Singh 95",South Korea,2025-06-21,2025,TV-14,139 min,"Documentaries, Crime TV Shows",A data-rich fictional streaming story about the digital echo 209.
s0210,TV Show,The Midnight Journey 210,Carlos Mehta 171,"Riya Mehta 154, Hana Singh 120, Mia Singh 108",Japan,2021-07-22,2005,PG-13,3 Seasons,"Kids' TV, Sci-Fi & Fantasy",A data-rich fictional streaming story about the midnight journey 210.
s0211,Movie,The Hidden Dream 211,Isabella Mehta 176,"Liam Mehta 161, Liam Kapoor 131, Aarav Kapoor 121",France,2022-08-23,2006,PG,141 min,"TV Dramas, Independent Movies",A data-rich fictional streaming story about the hidden dream 211.
s0212,Movie,The Silent Forest 212,Aarav Kumar 181,"Mia Mehta 168, Sofia Kapoor 142, Olivia Kapoor 134",Germany,2023-09-24,2007,R,142 min,"Romantic Movies, Dramas",A data-rich fictional streaming story about the silent forest 212.
s0213,TV Show,The Golden Stories 213,Ananya Kumar 186,"Marco Mehta 175, Priya Mehta 153, Daniel Kapoor 147",Brazil,2024-10-25,2008,TV-PG,6 Seasons,"Crime TV Shows, Comedies",A data-rich fictional streaming story about the golden stories 213.
s0214,Movie,The Lost Empire 214,Liam Kumar 191,"Aditya Kumar 182, Olivia Mehta 164, Kavya Mehta 160",Australia,2025-11-26,2009,TV-Y7,144 min,"Sci-Fi & Fantasy, International Movies",A data-rich fictional streaming story about the lost empire 214.
s0215,Movie,The Future Shadow 215,Sophia Kumar 196,"Arjun Kumar 189, Marco Mehta 175, Mateo Mehta 173",Mexico,2026-12-27,2010,TV-G,145 min,"Independent Movies, Action & Adventure",A data-rich fictional streaming story about the future shadow 215.
s0216,TV Show,The Northern Kingdom 216,Carlos Kumar 201,"Sophia Kumar 196, Ananya Kumar 186, Ananya Kumar 186","India, South Korea",2018-01-01,2011,TV-MA,1 Seasons,"Dramas, Thrillers",A data-rich fictional streaming story about the northern kingdom 216.
s0217,Movie,The Electric Horizon 217,Isabella Kumar 206,"Mateo Kumar 203, Lucas Kumar 197, James Kumar 199",United States,2019-02-02,2012,TV-14,147 min,"Comedies, Documentaries",A data-rich fictional streaming story about the electric horizon 217.
s0218,Movie,The Secret City 218,Aarav Jain 211,"Hana Kumar 210, Grace Kumar 208, Aditya Jain 212",United Kingdom,2020-03-03,2013,PG-13,148 min,"International Movies, Kids' TV",A data-rich fictional streaming story about the secret city 218.
s0219,TV Show,The Last Signal 219,Ananya Jain 216,"Vikram Jain 217, Arjun Jain 219, Rahul Sharma 5",Canada,2021-04-04,2014,PG,4 Seasons,"Action & Adventure, TV Dramas",A data-rich fictional streaming story about the last signal 219.
s0220,Movie,The Infinite Galaxy 220,Aarav Sharma 1,"Riya Sharma 4, Kavya Sharma 10, Mia Sharma 18",Spain,2022-05-05,2015,R,150 min,"Thrillers, Romantic Movies",A data-rich fictional streaming story about the infinite galaxy 220.
s0221,Movie,The Broken Road 221,Ananya Sharma 6,"Liam Sharma 11, Carlos Sharma 21, Aarav Verma 31",South Korea,2023-06-06,2016,TV-PG,151 min,"Documentaries, Crime TV Shows",A data-rich fictional streaming story about the broken road 221.
s0222,TV Show,The Crimson Ocean 222,,"Mia Sharma 18, Aditya Verma 32, Olivia Verma 44",Japan,2024-07-07,2017,TV-Y7,7 Seasons,"Kids' TV, Sci-Fi & Fantasy",A data-rich fictional streaming story about the crimson ocean 222.
s0223,Movie,The Frozen Code 223,Sophia Sharma 16,"Marco Sharma 25, Noah Verma 43, Daniel Verma 57",France,2025-08-08,2018,TV-G,153 min,"TV Dramas, Independent Movies",A data-rich fictional streaming story about the frozen code 223.
s0224,Movie,The Digital Echo 224,Carlos Sharma 21,"Aditya Verma 32, Elena Verma 54, Kavya Patel 70","Germany, United States",2026-09-09,2019,TV-MA,154 min,"Romantic Movies, Dramas",A data-rich fictional streaming story about the digital echo 224.
s0225,TV Show,The Midnight Journey 225,Isabella Sharma 26,"Arjun Verma 39, Rahul Patel 65, Mateo Patel 83",Brazil,2020-10-10,2020,TV-14,2 Seasons,"Crime TV Shows, Comedies",A data-rich fictional streaming story about the midnight journey 225.
s0226,Movie,The Hidden Dream 226,Aarav Verma 31,"Sophia Verma 46, Sophia Patel 76, Ananya Singh 96",Australia,2021-11-11,2021,PG-13,81 min,"Sci-Fi & Fantasy, International Movies",A data-rich fictional streaming story about the hidden dream 226.
s0227,Movie,The Silent Forest 227,Ananya Verma 36,"Mateo Verma 53, Daniel Patel 87, James Singh 109",Mexico,2022-12-12,2022,PG,82 min,"Independent Movies, Action & Adventure",A data-rich fictional streaming story about the silent forest 227.
s0228,TV Show,The Golden Stories 228,Liam Verma 41,"Hana Verma 60, Neha Singh 98, Aditya Kapoor 122",India,2023-01-13,2023,R,5 Seasons,"Dramas, Thrillers",A data-rich fictional streaming story about the golden stories 228.
s0229,Movie,The Lost Empire 229,Sophia Verma 46,"Vikram Patel 67, James Singh 109, Ethan Kapoor 135",United States,2024-02-14,2024,TV-PG,84 min,"Comedies, Documentaries",A data-rich fictional streaming story about the lost empire 229.
s0230,Movie,The Future Shadow 230,Carlos Verma 51,"Olivia Patel 74, Hana Singh 120, Grace Kapoor 148",United Kingdom,2025-03-15,2025,TV-Y7,85 min,"International Movies, Kids' TV",A data-rich fictional streaming story about the future shadow 230.
s0231,TV Show,The Northern Kingdom 231,Isabella Verma 56,"Carlos Patel 81, Liam Kapoor 131, Liam Mehta 161",Canada,2024-04-16,2005,TV-G,8 Seasons,"Action & Adventure, TV Dramas",A data-rich fictional streaming story about the northern kingdom 231.
s0232,Movie,The Electric Horizon 232,Aarav Patel 61,,"Spain, Brazil",2025-05-17,2006,TV-MA,87 min,"Thrillers, Romantic Movies",A data-rich fictional streaming story about the electric horizon 232.
s0233,Movie,The Secret City 233,Ananya Patel 66,"Rahul Singh 95, Priya Mehta 153, Vikram Kumar 187",South Korea,2026-06-18,2007,TV-14,88 min,"Documentaries, Crime TV Shows",A data-rich fictional streaming story about the secret city 233.
s0234,TV Show,The Last Signal 234,Liam Patel 71,"Emma Singh 102, Olivia Mehta 164, Ava Kumar 200",Japan,2018-07-19,2008,PG-13,3 Seasons,"Kids' TV, Sci-Fi & Fantasy",A data-rich fictional streaming story about the last signal 234.
s0235,Movie,The Infinite Galaxy 235,Sophia Patel 76,"James Singh 109, Marco Mehta 175, Priya Jain 213",France,2019-08-20,2009,PG,90 min,"TV Dramas, Independent Movies",A data-rich fictional streaming story about the infinite galaxy 235.
s0236,Movie,The Broken Road 236,Carlos Patel 81,"Isabella Singh 116, Ananya Kumar 186, Ananya Sharma 6",Germany,2020-09-21,2010,R,91 min,"Romantic Movies, Dramas",A data-rich fictional streaming story about the broken road 236.
s0237,TV Show,The Crimson Ocean 237,Isabella Patel 86,"Priya Kapoor 123, Lucas Kumar 197, James Sharma 19",Brazil,2021-10-22,2011,TV-PG,6 Seasons,"Crime TV Shows, Comedies",A data-rich fictional streaming story about the crimson ocean 237.
s0238,Movie,The Frozen Code 238,Aarav Singh 91,"Kavya Kapoor 130, Grace Kumar 208, Aditya Verma 32",Australia,2022-11-23,2012,TV-Y7,93 min,"Sci-Fi & Fantasy, International Movies",A data-rich fictional streaming story about the frozen code 238.
s0239,Movie,The Digital Echo 239,Ananya Singh 96,"Lucas Kapoor 137, Arjun Jain 219, Ethan Verma 45",Mexico,2023-12-24,2013,TV-G,94 min,"Independent Movies, Action & Adventure",A data-rich fictional streaming story about the digital echo 239.
s0240,TV Show,The Midnight Journey 240,Liam Singh 101,"Elena Kapoor 144, Kavya Sharma 10, Grace Verma 58","India, South Korea",2024-01-25,2014,TV-MA,1 Seasons,"Dramas, Thrillers",A data-rich fictional streaming story about the midnight journey 240.
s0021,TV Show,The Northern Kingdom 21,Sophia Singh 106,"Aarav Mehta 151, Carlos Sharma 21, Liam Patel 71",Brazil,2021-10-22,2005,TV-PG,6 Seasons,"Crime TV Shows, Comedies",A data-rich fictional streaming story about the northern kingdom 21.
